horse_name,horse_id
Gormleyesque,1825
Kentucky Reign,410
Toto'srubyslippers,4507
Dogwoodsmilliejane,4013
Girls House,3658
Recite,2287
Start Class,1680
Golden View,8936
Party At Grants,1425
Luna Moth,9675
Rudimentary Drink,6913
Lotsandlotsofgold,521
Promisemeparadise,489
Plus Power,1536
Musicmansandy,3583
Sonador,3812
Electric Sense,8280
Bourbonwithginger,9864
Acaciahelpme,435
Jackie Flash,9196
Domitia Lucilla,3258
Wilmore,8929
Tap the Line,6874
Beach Kitten,3612
I'mherefortheparty,7360
Fast Gal,9655
More Romance,4558
Dre Me Less,107
Ramadhaan (IRE),2616
A Little Bit Crazy,6925
Mo Shiro,5575
Eidikos (GB),4553
Joyful Applause,2548
Je Suis Rapide,3528
Take Charge Briana,5515
Fuente Ovejuna (GB),1675
Breaker of Chains,1520
Sake (FR),6225
Helens Well (IRE),1585
Academic Honor,5882
Music Amore,5636
Zawadi,9892
Waters of Merom,4334
Sacred Beauty,712
Addison,7528
Princess Nina,8786
Neversaynoletsgo,2046
She's Gone d'Wild,6202
Birdie Rose,1292
Giada,9045
Princess Pom Pom,4804
Generous Lover,5926
Miss Arlington,9460
Agent Peter Graves,3151
Chasing Artie,1140
Mister Mmmmm,751
All in Sync,3734
On Your Mark,4742
Kadri,1308
Ian Glass,3815
Thanks Mr. Eidson,1655
Coppola,6228
He'smyhoneybadger,4555
Diamond City,7429
Santos Dumont,5978
Willtorun,2665
Sutherland,6066
Charcoal,5821
Mamba On Three,3433
Atlantic Dancer,4375
Route Runner,1170
Game Keeper,2804
Prove Worthy,8752
Mount Craig,4011
Tshiebwe,2678
Braggadocious,7574
Hero's Medal,6217
Game Warden,4423
Current,9126
Locally Owned,3599
Code Runner,5314
Allege,917
Silver Dust,3753
Kissalot,526
Prince of Power,5169
Laugh Now,6573
Sonofaship,4387
Beaudacious Colton,1085
Loudermilk,3457
Let's Go Mark,9293
That Khenny,5156
Bajan Rum,3484
Go for Sherrie,8180
Peekacho,6483
Co Conspirator,7518
My Redemption,2341
Blueberry,4340
Herd Immunity,2288
Pat'schromecompass,4041
Aunt Nelda,9198
Wardeya,8831
Super Cool Storm,4305
Holy Foley,9578
What's to Do,7020
Gloria's Princess,9561
Heckled,6544
Blessing the Flag,5931
Best Performer,3594
Starters Orders,2267
Mystic Pleasure,8349
Sweet Trouble,8086
Towing,1490
Roan for the Rose,772
Multi Platinum,1797
Loot the Moon,2505
Got the Bob,2622
Master Lea,6917
Lemon Drop Shot,9772
Bronze Beast,1041
Swiss Guard,6305
Queen Tapiture,6253
Charley Rude,9764
Big Java,7669
Kilmorey,8670
Ms Hayley,4120
Magna Massa,9065
Azul Tequila,189
Ball Gown,1877
Proud Foot,8798
Elle of the Ball,4372
Twirling Patti,5574
Bad to the Bones,1828
Zippin Gigi,4809
Angkor,7124
Tim Tal,2592
Spartan Army,7434
Patient Capital,54
American Icon,4316
Greys the Boy,8202
Lone Rock,2928
Decision Maker,8318
Calibrate,1744
Scarlet Fusion,4890
Red Run,9858
Warrant,3259
Next,9884
Anna's Arabesque,6127
Accomplished Girl,2647
Sassy Nature,8838
Lady Hollywood (GB),8690
Danse Macabre,10
B G Warrior,9814
Peacock Lass,5311
Shootoutthelights,8006
My Sweet Affair,320
American Apple,1833
Rate Confirmation,5948
Power Alley,5039
Forever Cool,3924
Golden Reign,950
Brokenhearted,3947
Rivoli,9296
Air Kenney,1291
Eddie M,1404
Papa D L,7963
Total Discretion,1134
Ellie Deli,8728
Tattered Heart,2061
Sonnyneedsmoney,2104
Lucy Jane,7788
Condiment Girl,9008
War Ensign,2706
Freedom Machine,4343
Beauxs Artes,8646
Fine Cotton,6933
Scarlet Stripe,3471
Frango Electrico,8836
Brittle and Yoo,3296
Tetsu,5108
High Tone,6538
Caramel Chip,6119
Improbable Story,7178
Masai Man,8480
My Man Flintstone,7398
Sand Mountain,1983
Concrete Glory,4062
Hibernacle,3682
Youalmosthadme,1050
Lou's Legacy,5540
Tranche,345
He's Got Swagger,9639
Accident,9076
Hidden Path,3771
Qualified,9642
Hard Spun Fantasy,3609
Kigali,118
Decanted,1164
Curlins Incharge,965
Main Line Cipher,3751
Now and Later,1105
Mo Saturdays,515
Fixitwithforward,5414
Fight'n Ready,1161
Radical Right,8424
Strava,3900
Chasing Time,4563
Double Crown,7954
Ready to Pounce,3511
Spankster,8835
Run Classic,2168
Valiant Praise,9356
Proud Performer,9441
Good Tohave Around,7745
Allinthecall,3982
Itsablingthing,7750
Kiki Krazy,6670
Red Hot Jeanie,3120
Fearless Kristie,1546
Crimaldi,1589
Circle Back Jack,7063
Fight Fiercely,5805
Morning Cup,6940
Rocking Rocket,6736
Navy Soul,7652
Bucktown,888
Lend It Tewmey,1613
Undismayed,994
Oneparticulrharbor,6597
Group Hug,5560
Run Run Rapidash,1791
Color Field,4074
Treaty,3140
Bagboss,3117
Miles Ahead,8787
Pirate Rick,7351
Heart Rhythm,2297
Surveillance,9988
Bango,3007
Collaborate,4564
Native Thunder,7580
Kentucky Ghost,4093
Annapolis,1236
Stitched,7261
Set Piece (GB),9017
Gray's Fable,1605
Churchtown,829
Camp Hope,8857
Sky and Sand,242
English Bee,1529
Time to Party,3873
Get Smokin,2725
Hooperdrivesthboat,6659
Emerald Express,7957
Dark Timber,7887
Palace Kitten,3503
Hoya Paranoya,6571
Boise,961
Legal Deal,2698
Race Driver,6210
Crime Spree,36
All Eyes West,6397
Solidify,4346
Lady Emily Kathryn,7455
Lady Samaritan,4674
Two Minute Lick,6931
Heart Headed Woman,9106
Beach Walkn,7974
Destine to Race,2537
K'antheia,3112
Back to Gridlock,4862
I Had That One Too,3567
Origami Girl,959
Magic Palace,9490
Forever After All,8884
Be Here Now,999
Padma,5139
Margoinabubblebath,937
Fogo Island,822
Grove,9572
Ervadean,7812
Goodbye Kyle,8239
Undervalued Asset,8702
Unsung Melody,2580
Vahva,932
T Max,8321
Secret Statement,1313
Personal Pursuit,3045
Smokin' T,1123
Rustler,1114
Bullseye Bun,3854
Background,6616
Point Me By,1965
We All See It,9334
Cowboy Justice (GB),4034
Whisper Not (GB),9486
Burning Bright,652
Siege of Boston,1344
Price Talk,6869
Legal Attack (GB),9563
Koufax,9261
Richiesgotgame,8566
Button Boy,5184
Creative Minister,4273
Johny's Fireball,3347
Flags Up,5148
Zawish,3911
New Roo,4352
Lisette,6485
Not So Close,2145
Tap Dancing Lady,4916
Jag Warrior,7492
Heartyconstitution,5181
Music Street,1189
Jump Into the Fire,153
Guana Cay,7509
Roc's Princess,9225
Fannie and Freddie,1639
Into Disco,1201
Stepper,8809
Take a Stand,3493
Mouffy,8289
Mambo Kitten,9737
Sunny Isle Beach,2171
Art Collector,5719
Last Samurai,1128
Rich Strike,4003
West Will Power,6055
Smile Happy,4670
Milliken,2585
Giant Game,7180
Sweet Dani Girl,8901
Didia (ARG),4957
Henrietta Topham,8667
Sparkle Blue,129
Lady Rockstar (GB),9087
McKulick (GB),4906
Shantisara (IRE),1698
New Year's Eve,2201
Kate's Kingdom,9956
Condensation,1892
Sabra Tuff,1754
Olivia Twist,9873
Effortlesslyelgant,2547
Grand Love,4463
Red Carpet Ready,4617
Positano Sunset,3451
Accede,5618
Munnys Gold,3336
Bay Storm,4326
Salvaje,8281
Majestic d'Oro,8005
Sarah Harper,4115
Miner's Queen,833
New Boss,1513
Margie's Kitchen,9777
Oeuvre,4534
Little Jewel,723
Love of My Heart,59
Caravel,5465
Quaria Comet,2144
Played Hard,4292
Search Results,2648
Sixtythreecaliber,7240
Secret Oath,9039
Soul of an Angel,7008
Classy Edition,9190
Society,159
Desert Dawn,9843
Pauline's Pearl,1233
A Mo Reay,2443
Girl Named Charlie,8939
Liguria,591
Cairo Consort,6050
Sabalenka,9544
Preliminary (GB),9053
Mission of Joy,2427
Comanche Country (IRE),7042
Heavenly Sunday,2089
Papilio (IRE),686
Flashy Gem,5051
Revalita (FR),5975
Mimi Kakushi,654
The Alys Look,5863
Gambling Girl,3442
Southlawn,4089
Wonder Wheel,1685
Botanical,5795
Wet Paint,9174
Promiseher America,9747
And Tell Me Nolies,2533
Flying Connection,3879
Defining Purpose,2663
Dorth Vader,2901
Affirmative Lady,6756
Pretty Mischievous,407
Taxed,2939
Julia Shining,5443
Hoosier Philly,6746
Curl Girl,4066
Tough Legacy,9869
Boss Lady Bailey,2609
Champagne Calling,1772
Hayunevano,6268
Guns n' Graces,635
Forever Dixie,7712
Charlie's Wish,3645
Metaphysical,3270
Cotton Candy Annie,7542
Stellar Lady,5729
Kid's Last Laugh,5001
Mo Happy,3729
Chaina,3653
Islandinthestream,388
Excellent Question,3165
No Guilt,6529
Never Tell Patti,5379
Huntress for Hire,4565
Twin Mischief,1138
Pitch Clock,4574
Corri Felice,5754
American Retro,8347
Swanson Lake,6549
Extra Anejo,9953
Olazabal,5426
Federal Judge,453
Dangerous Ride,1890
Stud Lovin,4280
Western Ghent,2926
Backside Buzz,9513
Deer District,4350
Cape Trafalgar,627
Texas Pride,1777
Harbour Bridge,7120
Savage Kiss,5664
Sir Rock,5140
Quaternion,7150
Just a Photo,8380
Quality Chic,1895
Chloe's Dream,6312
Real Naughty,9447
Shockwave,3115
Bright Future,4174
Coastal Defense,728
Transect,7145
Embrace,28
King Ottoman,8519
Major Fed,8822
Pipes and Drums,3229
Violent City,5968
Mohaafeth,7067
El Oriente (CHI),1147
Brigadier General,5410
Super Design,5144
Major Blue,2042
Petulante,4921
Hot and Sultry,8309
Goodnight Olive,5068
Wicked Halo,6692
Travel Column,5345
Matareya,6593
My Destiny,4845
Sharp Hero,9084
Speak of the Devil (FR),2086
Haughty,3144
Wakanaka (IRE),6889
Spendarella,6212
Sister Lou Ann,2852
Fluffy Socks,9325
Freedom Speaks,4931
Gulfstream Way,6654
Masqueparade,8978
Baby Yoda,7
Perfect Flight,4979
Surly Furious,4701
Zozos,3444
Three Technique,7044
Promise Keeper,9503
Kneedeepinsnow,5280
Noble Drama,7619
Kupuna,7239
Caddo River,7245
Nobals,3502
Go Bears Go (IRE),8376
Evan Sing,7753
Big Invasion,2781
Necker Island,1390
Bad Beat Brian,4650
Nothing Better,8446
Just Might,5492
Oceanic,1531
Arrest Me Red,3849
Motorious (GB),5086
Carotari,3681
Artemus Citylimits,3263
Noble Reflection,2415
Kangaroo Court,401
Tall Boy,758
Lugan Knight,4012
Midnight Rising,7785
Echo Again,1194
Frosted Departure,7462
Fort Bragg,6791
Bourbon Bash,9432
General Jim,3186
Curly Jack,6292
Gilmore,8100
Gun Pilot,6548
Damon's Mound,3998
Freezing Point,2418
Major Dude,91
Far Bridge,1747
Mendelssohns March,6966
Talk of the Nation,3586
Johannes,2882
Behind Enemy Lines (GB),8487
Desert Duke,7612
Mo Stash,823
Anglophile,9133
Otago,4083
Carl Spackler (IRE),1989
Funtastic Again,7479
Andthewinneris,2185
Webslinger,7613
Wadsworth,8703
Scoobie Quando,9158
White Abarrio,5199
C Z Rocket,7252
Here Mi Song,8271
Hoist the Gold,6992
Get Her Number,8977
Tejano Twist,7306
Cody's Wish,2608
Fortin Hill,7778
Sir Alfred James,7374
Endorsed,4247
Steal Sunshine,4051
Ocean Atlantique,4544
Master Piece (CHI),8541
Wolfie's Dynaghost,7940
Steady On,3920
Up to the Mark,4500
Earls Rock (IRE),7207
Hong Kong Harry (IRE),1270
Santin,4682
Spooky Channel,3842
Bye Bye Melvin,4452
Hit Show,5503
Verifying,5239
Two Phil's,8850
Confidence Game,1321
Tapit Trice,2268
Kingsbarns,2472
Reincarnate,3789
Mage,6276
Skinner,2504
Practical Move,3506
Disarm,1053
Jace's Road,6798
Sun Thunder,6679
Angel of Empire,5422
Forte,8891
Raise Cain,7634
Derma Sotogake (JPN),6813
Rocket Can,1021
Lord Miles,3389
Continuar (JPN),6884
Cyclone Mischief,6382
Mandarin Hero (JPN),321
King Russell,6233
Single Ruler,7815
Equivoque,97
Bo Cruz,5764
Seeking Unity,4893
B Minor,6390
Promise Me a Ride,6866
Act a Fool,8819
Classic Legacy,8948
Let It Ride,3614
Shopper's Revenge,8000
Funny Uncle,3596
Macho Villa,4472
Everso Mischievous,7141
Last Dawn,9746
Five Star G Man,476
Golden Sombrero,6372
Noble Reality (FR),5508
Mullikin,6625
Wicked Again,2705
Mabuhay,7658
Simovic,2092
Dillinger,9926
Lookin for Roses,442
Le Bar,6456
West Saratoga,9247
Dunphy,445
Frosty the Giant,1376
Callin My Name,7023
Innocent Man,2224
Imperial Thunder,7565
Foolish Front Fifi,2978
Krickle,824
Moon Magic Chrissy,4263
Tell Me When,9533
Key to Success,5364
Ghostly Girl,3468
Charlee Mae,7450
Frigid Lady,5356
Mean Sue,5530
Pigalle,9396
Little Man Can,4559
Isocline,6907
Wicked Secret,4134
Crossing,1342
Perfect Thunder,7706
Divining Stone,318
Lazarus,9850
Jungle Warfare,854
Tommy Bee,5734
Founder,3674
Harlan Estate,1125
Dash Attack,660
Vivar,509
Fenwick Station,4052
Tiberius Mercurius,3267
Vintage Print,334
Eleven Central,2497
Everyotherwon,3909
Invaluable,2069
Supertaleofhoudini,7759
Li'l Grazen,1875
La Cumparsita,9241
Princesstapiture,3572
Discernment,7620
Spin Wheel,4199
Master Game,6044
Redeemer,2750
Tiwanaku,9871
Bright Spark,2684
Principe d'Oro,5097
Cousin Larry,9597
Interlock Empire,421
The Prince's Spur,5112
Bolzy,6150
O Captain,6499
American Hero,3250
Stonevicious,1246
Floki's Flight,3979
Carmichael,1670
Long Crow,4942
Uninvited Guest,1984
Cool Rags,9273
Liam's Message,673
Prognosticate,5689
Amani's Eagle,8729
Jay Vee Bee,7019
Mugsy Malone,6072
Madison Luvs Duke,1130
Trigger Happy,8290
Just Call Ray,5591
Chiquita Mosca,208
She's Keen,6883
Loved,8032
Opening Night,1730
Let's Duet,7103
Flint Ridge,5935
Coltonator,7533
Nifty,2507
Steinbeck,7136
Awesome Aaron,2886
Divine Leader,8549
Divine Grace,4426
Shackled by Lust,8818
Zippin Pippin,7922
Amenset,7617
Jackie's Spirit,7137
Brisbane Road,4398
Coexist,5281
Born Flawless,4023
Wicca Wisdom,1420
Batukhan (IRE),4570
Writeitontheice,7386
Motown Missile,3996
Yono,7614
Paid in Full,9740
Nicholas Jones,5512
Tropic Storm,471
Tuskegee Cat,8099
Princedreamcess,5326
Altered Shot,2980
Ready for Change,7989
Golden Bell,3476
Stella Noir,5814
Boudoir Burlesque,4233
Fire On Time,5577
Bolivie (IRE),4582
Malawnia,4527
Root Cause,9107
Strikingly Spun,167
Demi,8465
C C Cruise Control,3131
Clever Joke,1403
Jenny Lind,3955
Mustang Lady,9610
Unstable Princess,9648
Knockyoursocksoff,9097
Divinely Bolt,3938
Lily's Creed,7801
Catherine Blaze,8042
She's Lookin Lucky,7343
Shoplifter,283
Nomadic Pride,1525
Mifflin,4821
Magna Ruler,3631
Strickland,6626
Johnny's Moment,3987
Noble Connection,5017
Vortex,6047
Matlock,7754
Lucky Smile,9069
Vail of Honor,8699
Majestic Flag,5633
La Village Lumiere,6972
Wits and Wagers,9018
Miss Analyzed,5420
Toffee,5765
Izabellabella,7435
Graceful Union,4439
Wing and a Player,5024
Megan's Clara,4119
Crackalacking,3778
Love of My Life,1977
La V.,3156
My My Munny,5170
Super Renee,1959
Soaring Bird,8780
Tapage,3034
Slam Dunk Sermon,3139
American Pure,3546
Blue Kentucky,7934
Atta Boy Anthony,4531
Just Say So,8596
Masterful Meg,4637
Strategerized,1648
Shesasmalltowngirl,3181
Okay Fine,4854
Stay Lost,3728
Cecile,5913
Glamour Anna,2940
Exhibit Hall,4953
Callie's Grit,232
Sri Lanka,9408
Digital,2074
Mystic Night,4495
Mobster Gun,746
Test Pilot,894
Plot the Dots,9067
Huge Bigly,4787
Lord Captain,9371
Heartbreaker,8043
Raymond,1681
Charging Aero,201
Ram,4659
Lucky Boss,7691
Invisible War,7844
Guntown,7217
Trending,5583
F Five,3021
Fowler Blue,842
Courageously,4137
Read On,7828
Bold Looker,1870
Princely,1071
Always Above,6566
Jarreau,8057
Bosque Redondo,1214
Policy Option,879
Foreign Relations,2486
Silent Steve,2445
Shinnecock Hills,9526
El Ahijado,1396
Golden Text,4067
Seven Flat,1941
Crump,9144
Jr's Gift,6819
Tepeu,3698
Costa Terra,8562
Triple Elvis,9430
Wake Surf,7382
Well Spent,7254
Top Gun Girl,4872
Fast Giselle,7026
Somebody's Problem,5004
Your So Sillea,987
Portilla,1626
My Kentucky Girl,3405
Street Jam,3458
Adaline Julia,4336
Ironic Twist,1331
Gilcrease,2574
Gaslight Dancer,3930
Two of a Kind,2848
Chiringo,9044
No Nay Hudson (IRE),1230
Crispy Cat (GB),2565
Private Creed,44
Ah Jeez,6694
Speakinofthedevil,9211
Papa Alden,7700
Vigano,4772
Liberty's Hauler,535
Own the Field,3793
Cloud Without Rein,4721
Magnificent Mile,4633
Kupp,7439
Alilnalot,1167
Lundberg,3825
Lupo's Legacy,4335
Patton's War,3242
Lady Goldstart,9487
Reliant,1881
Holdontoyourtiara,8923
A Real Jewel,3684
Docs Seven,2442
High Speed,4353
Tiltingatwindmills,2331
Racetothefinish,9928
Commander Carl,978
Right of Rush,2719
Major Contender,5040
Riley Bee,4729
Big Boss Ben,7196
River Boy,2038
Haskelled,7680
Hurry Up Hannah,4983
Misread,6595
Royal Blood,4461
The Princess Says,8200
Gold Franc (IRE),8848
My Uncle Leon,8091
Six Missions,7173
Coal Boss,1318
Dream Force,9617
Noises Off,7079
Patrolman,9322
Peek,4103
Earl of Dassel,424
Saturday Long Legs,1497
Harry Hood,9800
Stormin Army,340
Taking Candy,4416
Malibu Time,9378
Dark Hedges,2871
Firery Tale,7709
Crazy Legs Hirsch,8503
Hot Pastrami,7246
Like a Saltshaker,9972
Bravo Bravo,2974
Santa Cruiser,7142
Black Storm,9683
Glen Airy,1495
Remastered,7701
Schmear,5701
Mad Hustle,6691
Washington's Union,5461
Marty's Magic,5261
Coach Petro,1714
Dual Monarchy,2635
Rio Moon,5404
Absolute Courage,6745
Fujin,8118
Enchanted Nile,4723
Mirth 'n Merriment,6562
Pistol,9013
Gin N Sin,602
Donya Know It,7452
Sue Ellen Mishkin,1443
Kimberley Dream,5154
Sam Stormy,4136
Baby Billy,5297
Our Dream Rye'd,1900
Salute the Stars,6623
Really Good,8432
Escapologist,19
Santorini,8890
Coalminer's Kitten,7570
Baseline Beater,6771
Tiger Paw (IRE),889
Clear the Air,3074
Black Apple,8495
Top of the Charts,5928
Bourbon Heist,8168
Under Oath,7243
Happy Jack,846
Unpredictable Bay,9651
Bron and Brow,4376
Drive for Fun,8999
Texas Red Hot,2147
Broken Rib,4720
Minnesota Ready,7179
Trumptastic,7942
Moreau,1990
Gilded Craken,473
Redemption Time,3921
Chiron,2595
Sheriff Ronnie,5092
Brigade Commander,9025
Smile Mon,225
Pursuit of Power,9049
Early Munny,6685
The Rush Is On,1528
Puglia,9812
Tribal Spirit,1859
Monocacy,7561
Floris,1925
Mister Sharpie,2523
Frog Town,8166
Cowboy Values,4782
Atkins,8338
Humor Me Now,4480
Big Beemster,6808
Oddsontony,7906
Chambers Bay,7737
Devil's Cay,3994
Hay Stack,7484
Such Sounds,9032
Chaton Rouge,2370
Elle Est Forte,6285
Sweets Maker,3123
Loved Reiko,8328
Implosion,2237
I Feel the Need,1144
Queen Judith,9303
Frivole (FR),6799
La Tourista,5569
Colonel Aby B,8319
Iceatude,4378
Sergeant Countzler,43
Mo Moves,4635
Run for Reagan,4892
Time to Meddle,8023
Moonovermontgomery,2435
All Jokes Aside,7317
Stayinyourlane,8825
Boudin,7936
Roman Centurian,5655
Zoomer,5447
Order and Law,9043
Outlier,8904
Disc Jockey,6181
Intrepid Heart,7461
King's Ovation,5273
Lady Puchi,3091
Pharoah's Song,3913
Under One Sky,6275
Bhoma,3827
Willow Bend,6731
Blissful,716
Talbeyah (IRE),5214
She's Gone,9784
Mise En Scene (GB),6247
Manuca (BRZ),6326
Fancy Martini,2493
One Time Mo,8116
Forever Dreaming,607
Kathaan,9368
Penumbras Maker,8230
Church Service,5440
Freedom for All,1645
Stunningly,7214
Take Shape,1634
Inventing Anna,8618
Nursekringledances,7487
Fancy,252
Beautiful Bolt,2362
Sapphire Nights,6718
Unmatched,2530
Aim Higher,1226
Green Chile,7693
Dazzling Blue,9826
Holiday Decision,5547
Promise of Hope,6513
Back to Ohio,1316
Sunday Shoes,5384
Gloriette,8743
Argan,6227
Little Music,5189
Titania's Dream,7995
High Front,8865
B D Valeski,589
Roman Giant,1122
King of Song,3847
Fingers,4709
Gilded Ruler,9253
Group Eighteen,1481
Laver,7111
True Jedi,9773
Arabian Prince,1647
Trust Daddy,7270
Brazen Boy,2726
Counterstrike,4907
Badgeball,475
Lark's Mischief,754
Nullarbor,5315
Gray Frost,920
Oath of Allegiance,4807
Roja Ligera,5874
Just Like Magic,6142
Bizzy Girl,7057
Best of Greeley,2386
Game Boy Benny,4001
Hurricane Highway,9475
Midaswellrun,6752
On K P,2951
I'm Wide Awake,2786
Mac Daddy Too,2869
Bodock,1294
Pico d'Oro,9596
Faithful Ruler,3946
Altazor (ARG),8154
Henley's Joy,2345
Rupp N Ready,3805
Hidden Stash,7556
Mahaamel,4162
February Son,7530
Stolen Base,4184
Rarified Flair,154
Bear Oak,7623
Punch Hard,4713
Microphone (IRE),8956
Risk Manager,2589
Search Engine,1211
Shortlist,7238
Commandperformance,5662
Keen Contender,4902
Hammerdonhappiness,6952
Witch of November,4098
Coloratura,7485
Markswoman,4950
Fashion Idol,3264
Get By,6303
Dial Toni,7917
Paddy Gal,1748
Terranova,3887
Callie's Passion,6249
Doodle Doo,9959
Xtraordinarymotion,4848
Keen On You,4838
Aeronaut,360
Schmoozin,9691
Supremely,4498
Pledgeofallegiance,133
Retained,804
Myopic,8139
Ferryboat,4690
Celerity,9806
Estilo Peligroso,5773
Little Frappucino,3589
Back to Normal,3116
Our Team,4107
Western Command,2241
Kentucky Bourbon,1592
Spurs Up,646
Super Cat Lady,5062
Need Some Money,7223
Klimt's Muse,547
Center Stage,9934
The Club,2154
Calm Cool,1477
Milieu,4836
My Lily Mae,5353
Time to Race,9079
Hola Gata,2878
Words of Praise,3290
Golden Runner,2166
Paint Me Perfect,9383
Tiger Tap,5995
Guns n' Lilies,8698
Boppy,8222
Army Kitten,4466
Judo,2696
Code Violation,4211
Classic Mark,7895
Freeze Pop,8930
Mac's Time,5550
Sassy Walker,1887
Pelican Lane,7674
Gabe,1234
Tivy,2307
Gold Luck,3697
Street Swagg,6512
Chiseler,5993
Woodbine Way,1480
Massard,6465
Daisy Bee,229
Devine Charger,4333
Lure'em In,8792
All That,2025
Goldblooded,9124
Mischievous Doll,6039
Snark,4296
Secret Money,6243
Numero Seis,6087
Osiria,1776
Manorelli,3831
Vinegar Veggies,7725
Sure Can,411
American Heights,5375
Sure Enough,3627
You're Avoiding Me,1036
De' Ans Eighty,7607
Hardly Mischievous,4952
Bali Dreamin,6690
Halo of Fire,1912
Obrigada,2291
With This Ring,743
Little Hot Mess,610
Yanira,4987
Lady Irene,8072
Lacie Be Good,1903
Mirus,1593
Limited Liability,9828
Bay Street Money,8808
Mount Rundle,2223
Tiz the Bomb,6368
English Conqueror,7433
Time for Trouble,6079
Therapist,8851
Yamato,6867
Another Mystery,2532
Smokey Lee,9787
Mr. Commander,1623
Supercool,8018
Hail Allen,6687
Charlie Whiskey,4584
Chowmein,537
Velocimo,6071
Texas Ted,3560
Precursory,7265
Transparency,7286
Music App,3869
Raindrops On Roses,5943
Comedy Act,1628
Story Hour,6019
Classy Socks,5877
Hocus,993
Ignitis,6524
Rider's Special,4521
Insolito,3110
Full Time Job,2002
Left Pocket Money,7451
Scotch No Rocks,1502
With Purpose,9308
Midway Miracle,350
King of Kentucky,9753
Switzer,9640
Hap's Victory,3991
Vale,2064
Infiltrator,3363
Louisianimal,9379
French Composer,3395
Baby Quinn,3539
Town Branch,3818
Candy Light,9016
Intrigue,9726
Wave of Goodness,47
Arm Candy,4543
Justify My Love (BRZ),2371
Valentina Day,2130
Fast as Flight,8940
Wild Thinker,2859
Top Secret,1802
Cuore Sacro,423
Briterdayzahead,2160
Ludwig,244
Page One,5870
Appeal Denied,3899
Charter Oak,5305
Greener Pastures,259
Blue Light,2855
Favorite Outlaw,4348
Saudi Crown,859
Sweet Cherry Pie,2077
Big Elm,6898
Fightertown,8620
Now That Ican Rock,1863
Caroom,1042
Highest Rated (IRE),7803
Roenick,7345
St. Neots,5932
Millers Rite,8409
Stand Proud,1787
Bon Bueno,7406
Reprehend,8255
River in Egypt,3630
Regimental,711
Cronus,8544
Suga Steve,9350
Techne,7505
Prana,511
Windy Bay,997
Byzantine,7848
Indy Again,6581
East Shore,6985
Unstoppable Me,1769
Beocca,8033
Out of Alcatraz,7268
Shazier,1205
Sprinklehead,1324
Ronithelimodriver,5278
Mr. Thunderstruck,2431
Easy Time,1077
Editorial Comment (ARG),2068
Gallant Guy,4506
Market Analysis,5328
Junior Bug,6241
Can't Hush This,8693
Gormleys Got Game,4832
Khozan's Success,9863
Brawndo,8283
Doubly Blessed,7049
Upstriker,1625
Non Violence,9369
Cancel This,3523
Code for Success,7047
Three Tipsy Chix,7399
Dawny,3744
Icarus,6780
Cooke Creek,5554
War Campaign,7431
Trident Hit,6533
Trafalgar,6816
Tartufo,1558
Gilded Age,5121
Tamara's Way,6993
Dream Trap,8766
Kall Kat,4177
Mahomebred,6133
Cortado,2501
Aspen Club,7771
East of India,1100
Criminal Defense,9139
Intermittent Fast,1399
U So Money Baby,9089
Champagne Affair,7076
Blue Grass Anna,1583
April's No Fool,6106
Judy's Way,2132
Kunshan Bridge,983
What a Country,5401
My Bariley,2003
Maximum Impact,9052
Tollgate Canyon,5794
Cote d'Ivoire,6930
Off the Cuff,843
Fitzpatrick,8971
Devil's Tower,5120
Lost in Limbo,5762
Bound for Nowhere,9662
Smokin' Jay,8314
Friar Laurence,3486
He's Got This,2536
Li Mu Bai (IRE),7901
Longshadow,3675
Job Security,1774
Fieldstone,5737
Millard's Smile,6023
Good Penny,1883
Hashtag Winner,9582
Shezz Koldazice,3706
Ship It,7031
Social Mandate,431
Lucky Lesson,4382
Anoria,8998
Wreck It Ruby,2956
On a Spree,4478
Don't Forget,5063
Fifty Cent Dollars,5568
Souper Munnings,5752
Love and Money,101
Bout Time,2973
Happy Soul,2348
Nota Bene,6567
Get the Candy,1141
Royal Take Charge,2325
Jungle Juice (IRE),503
Domina,1504
Her Ladyship,8692
Insensitive,3525
Lucky Ana,6164
Corsini,6879
Britain's Kitten,8874
Charriere,5586
Alva Starr,2579
Zapple,6063
Bobbie Sox,5106
Jersey Pearl,8996
Tammy Tap Tap Tap,1392
Lady Arsinoe,862
Quality Star,2550
Sinfiltre,9716
Miss Yearwood,816
Exit Soul,1337
Lovely Princess,4459
I'm So Sorry,7260
Viburnum,6948
Space,7958
Pilote Comete,9302
Testimony Time,6786
De la Calles,4476
Stanley Market,3532
Stopshoppingamy,8395
Duplicitous,1865
Gianna's Gift,5656
Miss Moon Pie,9523
Owen's Pleasure,1817
O P Firecracker,4641
Apollo Rising,7973
Constitutional Law,8634
Dog Red,5054
Chileno,745
Neighbor,3613
My Boy Tony,6476
Pitagore,898
Surface to Air,126
Berrettini,3350
Soybean Man,4939
Lincoln Highway,3461
Qaader,2249
Archie the Giza,4187
Gettleman,4743
Idratherbeblessed,5376
Missin Curfew,1966
Mama's Gold,127
Mo Town Mayhem,8150
Under Advisement,7056
Fast N Happy,2879
Happy Am I,2117
Uncorked,6230
Laura's Charm,8944
Linguistic,8197
Quick Munny,5803
Atlantic Strike,1181
Frozen Solid,6506
Sunday Grace,694
Madrilena (ARG),7148
Awesome Lawson,308
Kaufymaker,9333
Daring Do,1276
Alarm Clock,5130
Rock Star Parking,7034
Zambezi,6627
Bohemian Bo,6844
Midnight Taxes,4744
Storm Daddy,1888
Highway Robber,6637
Miacomet,342
York Tavern,5322
Graphic Detail,2816
Debate,7539
Ben Diesel,5929
Fireball Fun,1444
King Curlin,7156
American Only,1735
Miracle On Ice,9284
Self Rule,7139
Runningforjoy,6561
Truly Quality,8585
Andy Cant,1289
Lucky Phoenix,8950
Merrily Rush,5084
Malibu Smart,5563
Embraceable,9286
Baytown Kitty Cat,5457
Gewurztraminer,2755
Midnight Stormy,1252
Woodcourt,8364
Five o' Somewhere,1869
Chica de Oro,8356
Wonderfull Lady (FR),3177
Embrace Me,5725
Cloudy Bay,5753
Santa Fe Gold,2420
Royal Air Force,3872
Close Knit,9613
Spuns Son,2400
Storm Strategy,4194
Moon Over Dubai,3233
T Law,2843
My Favorite Uncle,9853
Northwind,1235
Morning Drive,2903
Vobiscum,8096
Carbonite,7602
Angaston,7355
Shekky Shebaz,5296
Prime Factor,5180
Let My People Go,2474
Gregory's Pride,7206
Sail At Sunrise,1119
Ninja Warrior,7683
One for Richie,9216
Little Sister Sue,4962
Brylee,4501
Mystify,921
Storm Haven,5767
Bamberooski,8313
Spirit Wind,1216
Marissa's Lady,9507
Last Leaf,7566
Echo Zulu,7405
Mad Caper,617
Abbreviation,933
Lady Dynamo,6042
Summertime Rose,4704
Dixie Supreme,1258
Harmonica,8907
Freydis the Red (FR),8308
Rosy Tomorrows,6300
First Hill,7582
My Tallulah,9347
