trainer_name,trainer_id
Catalano,553
Colebrook,856
Sims,757
Taylor,905
Cano,540
Pitts,39
Medley,678
Kenneally,345
Forster,898
"Simms, Jr.",785
McPeek,633
McGee,135
Romans,612
Casse,386
Cash,158
Hernandez,167
Barkley,186
Tooley,852
"O'Connor, II",710
Asmussen,790
Estvanko,640
Begley,829
Lauer,925
Miller,170
Scherer,739
"Arnold, II",449
Meah,45
Wong,421
Motion,374
King,693
Lukas,737
Walsh,244
Weaver,455
"Correas, IV",626
Reed,292
Sharp,771
"Hill, Jr.",767
Foster,803
Evans II,460
Cundiff,240
Blair,547
Cox,245
Foley,317
Williamson,977
Mott,804
"Joseph, Jr.",481
Vanden Berg,926
O'Neill,997
Hartman,199
Calhoun,377
Wisner,695
David,585
Zito,452
Pletcher,473
Moquett,788
"Stall, Jr.",289
Morley,797
Caramori,392
Vance,515
Vosler,541
Ennis,429
Maker,166
Hancock,837
Walden,205
Garcia,821
Spicer,620
Manley,142
Smith,894
DeVaux,257
Stewart,54
Lynch,657
Stidham,493
McGaughey III,896
D'Amato,381
Vaccarezza,568
Santamaria,106
Gonzalez,729
Bahena,867
Rouck,529
McCarthy,872
Hiles,128
Irion,964
Schultz,86
"Drury, Jr.",782
Bauer,165
Lovell,280
"Vasquez, Sr.",461
Diodoro,526
Van Berg,151
Rosin,851
Cowans,448
Mendez,94
Ward,228
Danner,936
Kahles,462
Brisset,358
Leitch,28
Toye,425
West,55
Shirer,406
Reavis,940
Medina,383
Pessin,242
Beckman,396
"Hess, Jr.",84
D'Angelo,384
Cook,230
Schlenk,29
Andrade,327
Short,102
Von Hemel,860
McKeever,732
Murphy,666
Barrett,344
Pittman,811
Morse,150
"Leonard, III",141
Glyshaw,40
Kordenbrock,294
Delacruz Mejia,850
Hobby,484
Ortiz,713
Desormeaux,981
Oliver,143
Attfield,778
Sisterson,723
Papaprodromou,953
Gowan,960
Puhich,631
Brown,6
Habeeb,82
Lobo,20
Baker,263
Green,221
Toner,951
Vaughan,154
Amoss,562
Thomas,745
Wilkes,624
Mulcahy,939
Fincher,434
Block,114
James,795
bin Ghadayer,296
Handal,967
Yates,309
Fawkes,125
Thompson,49
Sweezey,957
Heitzmann,430
Trujillo,655
"Barboza, Jr.",813
Wilensky,638
Ross,469
Rodriguez,65
Sells,857
Wismer,512
Rivelli,986
Clement,549
"Duarte, Jr.",17
Yakteen,648
Lejzerowicz,528
"Stinson, Jr.",589
Dibona,248
Delgado,736
Shirreffs,148
Otonashi,299
Yahagi,440
Fujita,2
Demeritte,630
Farrior,362
McCutchen,247
Navarrete,947
Holsapple,427
Hamm,192
Hamilton,681
Tomlinson,685
Brennan,88
Morey,537
Hester,370
Flint,70
Margolis,539
Gutierrez,558
Contreras,520
Ewing,806
Delong,815
Hughes,924
Ramirez,21
Fernandez,400
Hartlage,482
Decker,972
Newton,651
Goldfine,397
Ramos,897
Warpool,260
Jones,766
Combs,839
Netherwood,366
O'Dwyer,818
Nihei,354
Claire,827
Wittek,751
Guerrero,673
Galindo-Torres,644
Glatt,107
Pierce,791
Barnett,596
Gerteisen,753
Becker,775
Brenklin,341
Esquivel,137
Frazier,46
De Paz,361
Faircloth,560
Winston,347
Hammond,659
Bush,180
Sanchez-Salomon,702
Duvall,476
Glover,877
McBride,491
Wohlers,647
Elliott,187
Brinkman,139
Davis,844
Winebaugh,734
"Rednour, Jr.",845
Watkins,38
Granitz,301
Obert,207
Minnock,808
Humphries,935
Fletcher,43
Kinmon,324
McEntee,318
Banach,995
Huffman,408
Roberson,557
Lucas,485
Michael,954
Corrigan,963
Castanon,663
Shorter,196
Howard,293
Dilodovico,801
Rankin,909
Anderson,672
Douaihy,340
Brumley,913
Beck,918
Martinez,949
Engler,908
Vesty,410
Preston,451
Spraggins,895
Peitz,348
Capps,824
Drexler,509
Jazdzewski,709
Nicks,510
